Catégories,Valeur,Minutes jouées,Points,Rebonds totaux,Passes décisives
Place,Home,33.0,27.3,4.3,4.6
Place,Road,32.5,25.7,4.6,5.6
All-Star,Pre,33.5,28.0,4.4,5.0
All-Star,Post,31.2,23.1,4.6,5.3
Result,Win,32.2,26.6,4.6,5.5
Result,Loss,33.4,26.2,4.2,4.6
Month,October,31.8,33.5,5.3,4.0
Month,November,33.7,28.2,5.0,4.4
Month,December,33.8,24.5,3.6,4.8
Month,January,33.6,28.2,3.9,6.3
Month,February,32.5,27.7,4.5,5.1
Month,March,30.2,22.4,4.2,4.9
Month,April,33.1,24.7,6.2,6.5
Day,Sunday,30.1,21.6,2.7,5.0
Day,Monday,33.0,29.1,4.3,5.0
Day,Tuesday,33.3,25.7,5.4,5.7
Day,Wednesday,30.4,21.9,3.9,4.7
Day,Thursday,32.9,25.5,4.8,5.1
Day,Friday,33.1,28.0,5.1,5.4
Day,Saturday,36.2,33.3,4.6,4.8
Role,Starter,32.7,26.4,4.5,5.1
Minutes,40+,41.3,41.3,5.5,4.3
Minutes,30-39,33.2,27.2,4.7,5.3
Minutes,20-29,27.4,17.4,2.9,4.3
Minutes,10-19,16.7,4.0,1.0,3.0
Rest,0 Days,33.0,28.6,4.0,4.8
Rest,1 Day,32.6,25.0,4.4,5.2
Rest,2 Days,31.7,27.7,4.4,5.6
Rest,3+ Days,33.8,27.4,5.4,4.9
Conference,Eastern,31.8,25.9,4.2,4.7
Conference,Western,33.3,26.8,4.6,5.4
Division,Atlantic,30.9,24.1,4.6,3.9
Division,Central,31.8,28.4,4.7,4.0
Division,Northwest,34.2,25.1,4.5,5.1
Division,Pacific,34.0,28.7,5.2,5.5
Division,Southeast,32.6,25.4,3.3,6.1
Division,Southwest,31.6,26.4,4.2,5.6
Opponent,Atlanta,36.3,42.5,4.5,6.0
Opponent,Boston,27.5,18.5,2.0,4.5
Opponent,Brooklyn,34.7,33.0,4.0,2.0
Opponent,Chicago,31.9,21.0,4.0,5.0
Opponent,Charlotte,31.7,19.0,1.5,4.5
Opponent,Cleveland,31.7,29.0,2.5,3.0
Opponent,Dallas,33.8,22.0,5.0,6.3
Opponent,Denver,33.9,22.8,3.0,4.5
Opponent,Detroit,31.8,30.0,4.0,4.0
Opponent,Houston,32.3,28.3,6.0,4.3
Opponent,Indiana,32.5,33.5,6.5,3.5
Opponent,LA Clippers,34.6,26.5,4.8,7.0
Opponent,LA Lakers,35.3,33.0,4.3,7.0
Opponent,Memphis,29.7,20.0,4.0,5.7
Opponent,Miami,31.4,15.0,3.0,5.5
Opponent,Milwaukee,30.8,29.0,8.0,5.0
Opponent,Minnesota,33.0,34.5,4.5,3.0
Opponent,New Orleans,29.2,30.0,3.3,5.3
Opponent,New York,32.4,29.0,8.0,3.0
Opponent,Oklahoma City,37.3,29.7,7.0,4.3
Opponent,Orlando,35.1,26.5,3.0,8.0
Opponent,Philadelphia,29.9,23.0,5.5,4.0
Opponent,Phoenix,31.1,24.3,5.5,4.3
Opponent,Portland,33.1,21.8,4.3,4.8
Opponent,Sacramento,35.1,31.0,6.3,3.8
Opponent,San Antonio,33.7,34.0,2.0,7.0
Opponent,Toronto,30.0,17.0,3.5,6.0
Opponent,Utah,33.8,20.5,4.0,10.0
Opponent,Washington,28.3,24.0,4.5,6.5
