Catégories,Valeur,Minutes jouées,Points,Rebonds totaux,Passes décisives
Place,Home,35.2,29.7,4.9,6.6
Place,Road,35.4,23.9,5.3,5.6
All-Star,Pre,35.4,28.4,5.4,6.3
All-Star,Post,34.8,19.5,3.8,5.2
Result,Win,34.8,27.5,5.2,6.4
Result,Loss,36.4,24.9,4.8,5.3
Month,October,35.6,32.0,5.3,4.7
Month,November,35.7,26.5,5.5,5.5
Month,December,37.8,28.6,5.8,6.2
Month,January,34.1,28.6,5.2,7.6
Month,February,36.0,27.2,5.2,5.5
Month,March,29.2,13.0,2.5,5.3
Month,April,36.8,24.0,4.0,5.5
Day,Sunday,34.4,17.4,2.6,6.2
Day,Monday,37.1,28.8,3.2,7.1
Day,Tuesday,34.3,31.5,6.8,4.3
Day,Wednesday,35.2,28.2,5.3,5.5
Day,Thursday,35.5,30.2,7.2,5.8
Day,Friday,35.4,30.6,6.1,6.5
Day,Saturday,34.6,19.1,5.1,6.4
Role,Starter,35.3,26.6,5.1,6.1
Minutes,40+,42.7,33.2,6.2,6.6
Minutes,30-39,35.7,26.5,5.2,6.3
Minutes,20-29,26.3,22.0,3.3,4.2
Rest,0 Days,35.6,23.3,5.2,4.2
Rest,1 Day,35.3,29.2,5.2,6.5
Rest,2 Days,36.0,20.2,4.8,5.7
Rest,3+ Days,34.5,26.7,5.1,6.3
Conference,Eastern,35.1,27.8,5.6,6.1
Conference,Western,35.6,24.6,4.2,6.0
Division,Atlantic,35.0,26.2,5.7,5.3
Division,Central,36.4,30.8,5.3,6.6
Division,Northwest,36.0,26.6,5.2,5.2
Division,Pacific,36.4,23.4,3.8,6.1
Division,Southeast,34.1,26.6,5.9,6.5
Division,Southwest,34.6,24.6,4.1,6.3
Opponent,Atlanta,37.2,26.7,7.3,8.7
Opponent,Boston,37.5,30.0,7.0,4.5
Opponent,Brooklyn,35.5,33.0,7.3,5.3
Opponent,Chicago,39.9,27.7,4.7,5.7
Opponent,Dallas,38.2,31.0,7.0,6.0
Opponent,Denver,30.9,13.0,0.0,6.0
Opponent,Detroit,34.1,32.5,4.5,6.0
Opponent,Golden State,35.1,26.0,4.5,6.0
Opponent,Houston,35.6,25.0,2.0,4.0
Opponent,Indiana,37.1,35.5,4.5,7.0
Opponent,LA Clippers,38.7,28.0,4.0,12.0
Opponent,LA Lakers,36.5,16.0,5.0,6.5
Opponent,Memphis,33.5,27.0,4.0,7.5
Opponent,Miami,36.1,27.0,13.0,6.0
Opponent,Milwaukee,34.4,30.0,6.5,7.5
Opponent,New Orleans,27.9,14.0,4.0,5.0
Opponent,New York,32.8,28.0,4.5,3.5
Opponent,Oklahoma City,39.7,31.5,6.5,5.0
Opponent,Orlando,34.6,27.3,4.3,7.3
Opponent,Philadelphia,34.8,24.0,3.5,7.0
Opponent,Phoenix,37.9,24.0,3.0,2.0
Opponent,Portland,34.9,28.5,6.5,5.0
Opponent,Sacramento,35.5,25.5,2.0,5.0
Opponent,San Antonio,36.2,24.0,5.0,8.0
Opponent,Toronto,34.4,17.0,5.3,5.7
Opponent,Washington,30.9,26.0,4.3,4.5
