Saison,Âge,Équipe,Ligue,Position,Matchs joués,Pourcentage de LF,3 Points,2 Points,Pourcentage de 2P,Pourcentage de 3P,Lancers Francs,Rebonds,Passes Décisives,Moyenne des Points,Récompenses
2017-18,21,UTA,NBA,SG,79.0,0.805,2.4,5.2,0.502,0.34,3.0,3.7,3.7,20.5,ROY-2
2018-19,22,UTA,NBA,SG,77.0,0.806,2.4,6.1,0.468,0.362,4.1,4.1,4.2,23.8,
2019-20,23,UTA,NBA,SG,69.0,0.863,2.5,6.2,0.494,0.366,4.0,4.4,4.3,24.0,AS
2020-21,24,UTA,NBA,PG,53.0,0.845,3.4,5.7,0.476,0.386,5.0,4.4,5.2,26.4,AS
2021-22,25,UTA,NBA,SG,67.0,0.853,3.5,5.7,0.533,0.355,4.0,4.2,5.3,25.9,AS
2022-23,26,CLE,NBA,SG,68.0,0.867,3.6,6.4,0.566,0.386,4.7,4.3,4.4,28.3,"MVP-6,CPOY-6,AS,NBA2"
2023-24,27,CLE,NBA,SG,55.0,0.865,3.3,5.8,0.539,0.368,5.0,5.1,6.1,26.6,AS
2024-25,28,CLE,NBA,SG,22.0,0.812,3.8,5.0,0.495,0.412,3.1,4.8,4.2,24.5,
