Catégories,Valeur,Minutes jouées,Points,Rebonds totaux,Passes décisives
Minutes,40+,42.4,28.7,8.0,4.2
Minutes,30-39,34.9,22.8,7.0,3.4
Minutes,20-29,26.2,15.2,5.2,2.5
Minutes,10-19,16.9,6.8,3.8,1.1
Minutes,0-9,6.4,1.8,1.0,0.5
Opponent,Atlanta,33.5,21.8,5.7,3.4
Opponent,Boston,33.7,22.3,7.4,3.2
Opponent,"CHA, CHO",30.8,19.6,5.3,2.9
Opponent,Chicago,35.2,23.8,6.5,2.8
Opponent,Cleveland,32.7,23.5,7.4,3.0
Opponent,Dallas,31.6,18.6,7.1,2.9
Opponent,Denver,31.4,19.2,6.3,3.5
Opponent,Detroit,30.2,19.1,5.5,3.1
Opponent,Golden State,31.6,20.0,6.5,2.9
Opponent,Houston,32.9,19.8,6.0,2.6
Opponent,Indiana,33.8,20.6,6.4,2.9
Opponent,LA Clippers,28.4,14.1,5.9,2.6
Opponent,LA Lakers,30.1,18.9,6.7,3.2
Opponent,Memphis,31.5,18.1,6.8,2.9
Opponent,Miami,33.7,23.1,7.6,3.7
Opponent,Milwaukee,32.1,18.4,6.4,2.8
Opponent,Minnesota,30.4,20.4,5.9,2.5
Opponent,"BRK, NJN",32.1,20.9,6.4,2.9
Opponent,"NOH, NOP",29.7,18.7,5.8,2.8
Opponent,New York,32.6,21.4,6.3,2.5
Opponent,Oklahoma City,33.8,21.9,6.3,3.3
Opponent,Orlando,30.4,18.6,6.2,3.0
Opponent,Philadelphia,31.3,20.6,6.9,3.0
Opponent,Phoenix,31.2,18.5,6.7,3.0
Opponent,Portland,31.7,20.9,6.1,3.1
Opponent,Sacramento,32.9,20.7,5.8,3.1
Opponent,San Antonio,31.7,24.9,4.9,5.2
Opponent,Toronto,32.0,16.6,6.8,4.1
Opponent,Utah,31.3,18.3,6.2,3.0
Opponent,Washington,32.3,24.4,7.3,2.9
