Catégories,Valeur,Minutes jouées,Points,Rebonds totaux,Passes décisives
Place,Home,35.0,26.2,12.4,9.5
Place,Road,34.3,26.6,12.3,8.3
All-Star,Pre,33.8,26.1,12.0,8.9
All-Star,Post,36.3,27.0,13.0,9.0
Result,Win,34.1,26.5,12.5,9.3
Result,Loss,35.9,26.2,12.0,8.3
Month,October,34.1,26.5,12.3,8.5
Month,November,33.6,29.7,13.4,9.4
Month,December,33.4,22.7,11.3,9.1
Month,January,34.0,26.6,11.6,8.6
Month,February,34.8,23.7,13.0,10.4
Month,March,37.1,27.6,12.2,8.1
Month,April,35.7,29.0,13.3,8.3
Day,Sunday,33.2,25.8,12.9,9.7
Day,Monday,32.5,23.7,11.5,8.9
Day,Tuesday,35.2,27.9,14.6,6.6
Day,Wednesday,35.9,25.5,11.7,8.3
Day,Thursday,35.0,27.8,13.4,9.6
Day,Friday,35.3,27.5,11.6,9.6
Day,Saturday,35.4,26.5,11.4,9.6
Role,Starter,34.6,26.4,12.4,9.0
Minutes,40+,42.0,30.3,15.3,8.3
Minutes,30-39,35.8,27.8,12.6,9.4
Minutes,20-29,28.5,20.2,10.8,7.4
Minutes,10-19,15.8,6.5,7.0,5.5
Rest,0 Days,31.9,23.4,10.2,8.7
Rest,1 Day,35.3,27.3,12.4,8.7
Rest,2 Days,34.4,25.8,12.2,9.3
Rest,3+ Days,35.5,26.9,16.3,10.9
Conference,Eastern,33.3,24.2,12.5,8.9
Conference,Western,35.5,27.7,12.3,9.0
Division,Atlantic,35.9,30.1,14.1,7.9
Division,Central,29.3,19.9,11.8,9.8
Division,Northwest,34.3,28.4,11.6,7.6
Division,Pacific,37.4,27.1,12.1,9.8
Division,Southeast,34.6,22.7,11.6,9.1
Division,Southwest,34.6,27.8,12.9,9.3
Opponent,Atlanta,33.3,22.0,11.0,10.0
Opponent,Boston,38.5,33.0,12.0,10.0
Opponent,Brooklyn,32.0,28.5,12.5,8.5
Opponent,Chicago,24.9,16.0,12.5,7.5
Opponent,Charlotte,31.6,15.5,10.5,7.5
Opponent,Cleveland,31.2,22.0,14.0,11.5
Opponent,Dallas,34.0,19.0,11.3,7.7
Opponent,Detroit,19.9,6.5,6.0,10.5
Opponent,Golden State,37.7,31.8,13.0,9.8
Opponent,Houston,37.0,32.3,16.5,9.8
Opponent,Indiana,35.1,28.0,12.5,9.5
Opponent,LA Clippers,37.7,30.0,16.0,9.7
Opponent,LA Lakers,37.2,29.3,12.0,9.0
Opponent,Memphis,31.6,23.0,13.0,7.5
Opponent,Miami,37.8,15.0,12.5,6.5
Opponent,Milwaukee,35.5,27.0,14.0,10.0
Opponent,Minnesota,35.8,33.3,11.8,4.3
Opponent,New Orleans,34.9,29.3,13.3,14.7
Opponent,New York,33.4,30.5,12.5,7.0
Opponent,Oklahoma City,32.9,23.7,10.0,8.0
Opponent,Orlando,36.6,29.5,8.5,10.0
Opponent,Philadelphia,37.3,25.5,17.5,5.0
Opponent,Phoenix,40.2,22.7,10.0,10.3
Opponent,Portland,35.8,28.3,15.0,11.0
Opponent,Sacramento,34.8,22.0,10.0,10.0
Opponent,San Antonio,35.3,33.5,10.3,8.0
Opponent,Toronto,38.1,33.0,16.0,9.0
Opponent,Utah,32.9,27.0,10.0,8.0
Opponent,Washington,33.7,31.5,15.5,11.5
