Saison,Âge,Équipe,Ligue,Position,Matchs joués,Pourcentage de LF,3 Points,2 Points,Pourcentage de 2P,Pourcentage de 3P,Lancers Francs,Rebonds,Passes Décisives,Moyenne des Points,Récompenses
2014-15,Did not play - other pro league,Did not play - other pro league,Did not play - other pro league,Did not play - other pro league,Did not play - other pro league,Did not play - other pro league,Did not play - other pro league,Did not play - other pro league,Did not play - other pro league,Did not play - other pro league,Did not play - other pro league,Did not play - other pro league,Did not play - other pro league,Did not play - other pro league,Did not play - other pro league
2015-16,20,DEN,NBA,C,80,.811,0.4,3.5,.541,.333,1.9,7.0,2.4,10.0,ROY-3
2016-17,21,DEN,NBA,C,73,.825,0.6,6.2,.628,.324,2.6,9.8,4.9,16.7,
2017-18,22,DEN,NBA,C,75,.850,1.5,5.2,.538,.396,3.5,10.7,6.1,18.5,
2018-19,23,DEN,NBA,C,80,.821,1.0,6.7,.569,.307,3.6,10.8,7.3,20.1,"MVP-4,AS,NBA1"
2019-20,24,DEN,NBA,C,73,.817,1.1,6.6,.594,.314,3.4,9.7,7.0,19.9,"MVP-9,AS,NBA2"
2020-21,25,DEN,NBA,C,72,.868,1.3,8.9,.606,.388,4.8,10.8,8.3,26.4,"MVP-1,AS,NBA1"
2021-22,26,DEN,NBA,C,74,.810,1.3,9.0,.652,.337,5.1,13.8,7.9,27.1,"MVP-1,AS,NBA1"
2022-23,27,DEN,NBA,C,69,.822,0.8,8.5,.675,.383,4.9,11.8,9.8,24.5,"MVP-2,CPOY-13,AS,NBA2"
2023-24,28,DEN,NBA,C,79,.817,1.1,9.4,.626,.359,4.5,12.4,9.0,26.4,"MVP-1,CPOY-4,AS,NBA1"
2024-25,29,DEN,NBA,C,17,.817,2.1,9.3,.575,.500,5.0,13.4,10.4,29.9,
