Catégories,Valeur,Minutes jouées,Points,Rebonds totaux,Passes décisives
Place,Home,16.7,8.0,1.9,3.4
Place,Road,16.6,7.9,1.9,3.0
All-Star,Pre,17.3,8.5,2.0,3.4
All-Star,Post,11.7,4.0,1.0,2.3
Result,Win,17.0,7.5,2.0,3.3
Result,Loss,16.5,8.1,1.8,3.2
Month,October,17.6,8.0,2.0,2.8
Month,November,19.7,11.8,2.0,3.4
Month,December,18.1,6.7,1.7,3.9
Month,January,8.6,4.0,0.0,2.0
Month,February,13.5,7.0,2.1,3.0
Day,Sunday,16.0,7.0,1.0,3.5
Day,Monday,15.6,4.7,2.0,2.7
Day,Tuesday,10.2,5.5,1.5,2.0
Day,Wednesday,18.2,8.9,2.3,3.7
Day,Friday,17.8,9.1,1.7,3.1
Day,Saturday,16.2,8.7,2.0,3.7
Role,Starter,20.2,8.4,2.3,4.7
Role,Reserve,15.2,7.8,1.7,2.6
Minutes,30-39,30.7,19.0,4.0,6.0
Minutes,20-29,22.6,11.8,2.6,4.6
Minutes,10-19,15.5,6.9,1.8,2.9
Minutes,0-9,7.7,3.0,0.3,1.7
Rest,0 Days,18.5,7.0,1.0,5.0
Rest,1 Day,17.3,8.6,1.7,2.9
Rest,2 Days,19.8,9.0,3.0,5.7
Rest,3+ Days,14.8,7.1,1.8,2.7
Conference,Eastern,15.4,6.8,2.2,3.6
Conference,Western,17.0,8.3,1.8,3.2
Division,Atlantic,13.5,6.5,2.5,3.0
Division,Central,15.5,4.0,1.0,2.0
Division,Northwest,19.2,10.0,2.2,4.8
Division,Pacific,15.9,8.8,1.0,2.5
Division,Southeast,17.2,8.5,2.5,5.0
Division,Southwest,16.2,7.2,1.9,2.6
Opponent,Brooklyn,15.3,6.0,2.0,4.0
Opponent,Charlotte,16.0,10.0,4.0,5.0
Opponent,Dallas,17.3,4.7,2.0,2.3
Opponent,Denver,21.9,16.0,4.0,3.0
Opponent,Detroit,15.5,4.0,1.0,2.0
Opponent,Golden State,15.7,12.0,1.0,4.0
Opponent,Houston,17.9,9.3,2.5,3.3
Opponent,LA Clippers,14.3,4.0,1.0,2.0
Opponent,Minnesota,15.8,6.7,1.0,4.0
Opponent,New Orleans,15.9,8.0,2.0,3.0
Opponent,New York,11.8,7.0,3.0,2.0
Opponent,Phoenix,21.6,17.0,2.0,1.0
Opponent,Sacramento,12.2,2.0,0.0,3.0
Opponent,San Antonio,11.4,6.5,0.5,1.5
Opponent,Utah,27.0,14.0,4.0,9.0
Opponent,Washington,18.5,7.0,1.0,5.0
