Catégories,Valeur,Minutes jouées,Points,Rebonds totaux,Passes décisives
Place,Home,37.9,34.2,9.1,10.0
Place,Road,37.1,33.5,9.4,9.6
All-Star,Pre,37.5,34.2,8.8,9.5
All-Star,Post,37.5,33.2,10.1,10.3
Result,Win,37.1,34.3,9.3,9.8
Result,Loss,38.2,33.0,9.1,9.8
Month,October,36.8,39.0,11.7,9.7
Month,November,34.9,29.4,7.2,7.5
Month,December,39.5,37.5,8.9,11.1
Month,January,38.8,37.1,9.2,10.4
Month,February,37.2,33.4,9.7,10.3
Month,March,37.4,32.5,10.1,10.1
Month,April,38.5,32.0,10.8,10.0
Day,Sunday,36.6,33.8,8.9,7.9
Day,Monday,38.6,32.1,9.7,11.2
Day,Tuesday,37.9,32.3,9.5,10.1
Day,Wednesday,35.6,30.7,8.8,9.3
Day,Thursday,38.1,35.5,9.2,10.3
Day,Friday,38.5,42.1,9.0,8.7
Day,Saturday,38.2,35.8,9.6,10.8
Role,Starter,37.5,33.9,9.2,9.8
Minutes,40+,42.5,36.2,9.7,11.8
Minutes,30-39,35.7,33.5,9.4,9.0
Minutes,20-29,27.9,22.3,3.0,6.7
Rest,0 Days,37.2,29.2,9.6,10.8
Rest,1 Day,36.9,34.3,8.7,9.6
Rest,2 Days,38.4,34.5,8.8,8.9
Rest,3+ Days,38.9,35.6,11.5,10.8
Conference,Eastern,38.0,34.9,10.0,10.0
Conference,Western,37.2,33.2,8.8,9.7
Division,Atlantic,38.4,34.6,11.6,9.8
Division,Central,38.0,35.0,8.8,10.1
Division,Northwest,37.2,34.6,9.1,9.9
Division,Pacific,38.1,32.5,8.4,10.1
Division,Southeast,37.6,35.0,9.6,10.0
Division,Southwest,35.8,32.4,8.8,8.9
Opponent,Atlanta,40.9,49.0,11.0,7.5
Opponent,Boston,38.1,35.0,15.0,12.0
Opponent,Brooklyn,39.5,42.0,14.0,8.0
Opponent,Chicago,36.8,22.5,9.5,12.0
Opponent,Charlotte,35.6,31.0,12.0,9.5
Opponent,Cleveland,38.9,42.0,8.0,10.0
Opponent,Denver,38.3,36.3,10.3,6.3
Opponent,Detroit,36.6,39.0,10.0,10.0
Opponent,Golden State,35.4,30.0,7.7,10.0
Opponent,Houston,39.5,41.7,10.0,9.3
Opponent,Indiana,38.0,36.0,8.0,8.5
Opponent,LA Clippers,38.0,34.0,6.0,6.7
Opponent,LA Lakers,39.4,32.0,10.3,11.7
Opponent,Memphis,39.9,33.7,8.7,8.0
Opponent,Miami,37.8,32.0,10.0,10.0
Opponent,Milwaukee,38.9,37.5,9.0,10.0
Opponent,Minnesota,39.3,36.5,6.0,10.5
Opponent,New Orleans,27.1,23.0,3.0,5.5
Opponent,New York,40.2,39.0,8.0,11.0
Opponent,Oklahoma City,38.6,34.0,11.5,13.5
Opponent,Orlando,39.1,37.0,6.0,10.5
Opponent,Philadelphia,37.9,28.5,9.5,6.5
Opponent,Phoenix,40.0,41.7,7.7,11.7
Opponent,Portland,36.3,37.7,8.0,8.3
Opponent,Sacramento,37.6,26.8,10.0,10.5
Opponent,San Antonio,34.4,29.3,11.0,11.0
Opponent,Toronto,37.0,30.5,9.5,12.0
Opponent,Utah,35.4,30.5,9.3,11.5
Opponent,Washington,34.9,26.0,9.0,12.5
