Rang,Joueur,Salaire
1,Ja Morant,$36 725 670
2,Desmond Bane,$34 005 250
3,Jaren Jackson Jr.,$25 257 798
4,Marcus Smart,$20 210 284
5,Brandon Clarke,$12 500 000
6,Luke Kennard,$9 250 000
7,John Konchar,$6 165 000
8,Zach Edey,$5 756 880
9,Santi Aldama,$3 960 531
10,Jake LaRavia,$3 352 680
11,Vince Williams Jr.,$2 120 693
12,Jay Huff,$2 088 033
13,Scotty Pippen Jr.,$2 087 519
14,Kennedy Chandler,$2 019 699
15,GG Jackson II,$1 891 857
16,Jaylen Wells,$1 157 153
17,Mamadi Diakite,$464 050
