Saison,Âge,Équipe,Ligue,Position,Matchs joués,Pourcentage de LF,3 Points,2 Points,Pourcentage de 2P,Pourcentage de 3P,Lancers Francs,Rebonds,Passes Décisives,Moyenne des Points,Récompenses
2008-09,20,CHI,NBA,PG,81,.788,0.2,6.9,.491,.222,2.4,3.9,6.3,16.8,ROY-1
2009-10,21,CHI,NBA,PG,78,.766,0.2,8.4,.500,.267,3.3,3.8,6.0,20.8,AS
2010-11,22,CHI,NBA,PG,81,.858,1.6,7.2,.481,.332,5.9,4.1,7.7,25.0,"MVP-1,AS,NBA1"
2011-12,23,CHI,NBA,PG,39,.812,1.4,6.4,.475,.312,5.0,3.4,7.9,21.8,"MVP-11,AS"
2012-13,Did not play - injury,Did not play - injury,Did not play - injury,Did not play - injury,Did not play - injury,Did not play - injury,Did not play - injury,Did not play - injury,Did not play - injury,Did not play - injury,Did not play - injury,Did not play - injury,Did not play - injury,Did not play - injury,Did not play - injury
2013-14,25,CHI,NBA,PG,10,.844,1.6,4.2,.359,.340,2.7,3.2,4.3,15.9,
2014-15,26,CHI,NBA,PG,51,.813,1.5,5.1,.465,.280,3.0,3.2,4.9,17.7,
2015-16,27,CHI,NBA,PG,66,.793,0.7,6.1,.449,.293,2.2,3.4,4.7,16.4,
2016-17,28,NYK,NBA,PG,64,.874,0.2,7.0,.487,.217,3.5,3.8,4.4,18.0,
2017-18,29,2TM,NBA,PG,25,.870,0.3,3.0,.474,.233,1.6,1.4,1.5,8.4,
2017-18,29,CLE,NBA,PG,16,.854,0.4,3.3,.481,.250,2.2,1.8,1.6,9.8,
2017-18,29,MIN,NBA,PG,9,1.000,0.1,2.4,.458,.167,0.6,0.7,1.2,5.8,
2018-19,30,MIN,NBA,PG,51,.856,1.1,6.1,.509,.370,2.7,2.7,4.3,18.0,6MOY-6
2019-20,31,DET,NBA,PG,50,.871,0.9,6.5,.535,.306,2.4,2.4,5.6,18.1,6MOY-7
2020-21,32,2TM,NBA,PG,50,.866,1.0,4.7,.492,.388,2.2,2.6,4.2,14.7,"MVP-9,6MOY-3"
2020-21,32,DET,NBA,PG,15,.840,0.9,4.4,.455,.333,2.8,1.9,4.2,14.2,
2020-21,32,NYK,NBA,PG,35,.883,1.1,4.9,.507,.411,1.9,2.9,4.2,14.9,
2021-22,33,NYK,NBA,PG,26,.968,1.4,3.3,.467,.402,1.2,3.0,4.0,12.0,
2022-23,34,NYK,NBA,PG,27,.917,0.7,1.6,.438,.302,0.4,1.5,1.7,5.6,
2023-24,35,MEM,NBA,PG,24,.889,0.6,2.5,.492,.366,1.0,1.9,3.3,8.0,
