Catégories,Valeur,Minutes jouées,Points,Rebonds totaux,Passes décisives
Place,Home,35.5,25.1,4.3,7.4
Place,Road,36.4,28.8,4.8,6.5
All-Star,Pre,35.5,27.5,4.6,7.0
All-Star,Post,37.0,26.3,4.4,6.8
Result,Win,35.3,27.0,4.6,7.2
Result,Loss,37.2,27.1,4.4,6.4
Month,October,37.0,32.0,6.0,8.0
Month,November,33.5,26.8,5.3,8.6
Month,December,37.7,26.9,5.1,7.6
Month,January,36.5,30.0,4.4,6.3
Month,February,33.7,25.0,3.6,5.2
Month,March,35.6,24.1,5.4,6.9
Month,April,38.1,27.9,2.8,7.4
Day,Sunday,37.1,25.8,4.2,7.2
Day,Monday,38.0,25.4,4.8,6.6
Day,Tuesday,37.3,24.9,4.2,7.0
Day,Wednesday,32.9,26.2,4.3,6.8
Day,Thursday,36.2,30.8,5.3,6.3
Day,Friday,35.7,28.7,4.5,7.3
Day,Saturday,36.0,30.5,5.8,6.8
Role,Starter,36.0,27.1,4.5,6.9
Minutes,40+,40.6,23.6,5.4,7.8
Minutes,30-39,36.4,28.3,4.6,7.0
Minutes,20-29,26.2,19.7,2.7,5.3
Minutes,0-9,5.4,7.0,1.0,1.0
Rest,0 Days,33.3,22.5,4.6,5.9
Rest,1 Day,36.4,26.9,3.9,7.1
Rest,2 Days,37.0,28.5,5.5,7.3
Rest,3+ Days,36.2,31.9,5.6,7.1
Conference,Eastern,35.5,26.1,4.4,6.8
Conference,Western,36.3,27.7,4.6,7.0
Division,Atlantic,36.6,23.0,4.6,9.0
Division,Central,34.1,29.1,4.1,5.4
Division,Northwest,33.9,22.4,4.4,8.0
Division,Pacific,37.1,25.8,4.3,6.9
Division,Southeast,35.8,25.8,4.6,6.3
Division,Southwest,37.0,33.2,5.0,6.5
Opponent,Atlanta,35.0,27.0,5.0,3.0
Opponent,Boston,37.8,23.0,2.0,7.0
Opponent,Brooklyn,38.3,28.0,4.5,10.0
Opponent,Chicago,40.6,16.0,4.0,5.0
Opponent,Charlotte,36.4,28.0,5.0,9.0
Opponent,Cleveland,37.5,33.5,3.5,7.5
Opponent,Dallas,38.1,33.7,5.0,7.0
Opponent,Denver,37.3,17.0,5.0,9.0
Opponent,Detroit,5.4,7.0,1.0,1.0
Opponent,Golden State,35.8,30.3,5.5,7.8
Opponent,Houston,37.4,26.0,4.5,4.3
Opponent,Indiana,37.1,44.0,5.5,6.0
Opponent,LA Clippers,37.5,26.0,1.5,5.0
Opponent,LA Lakers,36.3,24.3,6.3,6.7
Opponent,Memphis,35.9,32.7,5.0,6.3
Opponent,Miami,37.6,21.0,6.5,8.5
Opponent,Milwaukee,38.9,27.5,5.0,5.0
Opponent,Minnesota,31.9,22.3,3.7,8.3
Opponent,New Orleans,38.4,43.0,3.3,7.0
Opponent,New York,37.2,28.0,3.5,10.0
Opponent,Oklahoma City,27.2,14.0,3.0,5.0
Opponent,Orlando,36.5,32.5,4.0,4.0
Opponent,Philadelphia,34.7,18.0,9.0,11.0
Opponent,Portland,35.3,24.5,5.0,6.5
Opponent,Sacramento,38.4,22.8,4.4,8.0
Opponent,San Antonio,35.2,33.0,7.3,8.7
Opponent,Toronto,32.5,8.0,5.0,5.0
Opponent,Utah,36.0,25.0,4.5,11.5
Opponent,Washington,33.5,20.5,2.5,7.0
