Catégories,Valeur,Minutes jouées,Points,Rebonds totaux,Passes décisives
Place,Home,34.6,26.7,7.7,4.9
Place,Road,36.8,27.0,8.5,4.9
All-Star,Pre,35.8,27.1,8.6,4.8
All-Star,Post,35.7,26.2,7.1,5.2
Result,Win,35.4,27.5,8.0,4.9
Result,Loss,37.1,24.6,8.5,4.9
Month,October,35.9,29.7,8.3,4.0
Month,November,37.2,27.3,8.9,4.1
Month,December,36.4,25.8,7.8,4.8
Month,January,34.0,26.9,8.6,4.7
Month,February,36.0,27.2,8.9,6.7
Month,March,36.2,28.4,7.1,5.1
Month,April,33.0,21.2,6.4,5.0
Day,Sunday,32.5,26.3,7.3,4.9
Day,Monday,38.2,31.3,9.0,5.6
Day,Tuesday,37.6,27.7,9.4,5.4
Day,Wednesday,34.8,26.9,8.8,4.6
Day,Thursday,34.8,22.9,6.7,5.4
Day,Friday,35.6,25.0,7.5,4.3
Day,Saturday,36.1,27.2,7.9,4.2
Role,Starter,35.7,26.9,8.1,4.9
Minutes,40+,42.3,30.0,8.8,5.3
Minutes,30-39,36.0,26.4,8.3,4.9
Minutes,20-29,27.2,26.9,7.2,4.9
Minutes,10-19,15.8,7.0,1.0,3.0
Rest,0 Days,34.7,30.4,7.7,5.1
Rest,1 Day,36.2,24.9,8.4,4.9
Rest,2 Days,34.4,28.9,8.2,5.1
Rest,3+ Days,37.5,29.4,6.7,4.1
Conference,Eastern,36.2,27.0,8.6,5.1
Conference,Western,35.0,26.6,7.3,4.6
Division,Atlantic,36.3,25.3,8.9,5.2
Division,Central,35.6,26.3,8.4,5.0
Division,Northwest,36.0,29.1,6.8,4.8
Division,Pacific,34.7,23.7,6.9,4.7
Division,Southeast,36.7,29.5,8.6,5.1
Division,Southwest,34.4,27.0,8.1,4.4
Opponent,Atlanta,39.8,30.5,9.8,5.5
Opponent,Brooklyn,35.4,29.0,10.5,4.5
Opponent,Chicago,36.0,24.0,5.3,5.0
Opponent,Charlotte,39.1,35.0,11.5,5.0
Opponent,Cleveland,38.2,26.0,11.3,3.3
Opponent,Dallas,39.0,35.5,9.5,4.0
Opponent,Denver,38.8,18.5,6.0,6.5
Opponent,Detroit,43.3,31.0,7.0,10.0
Opponent,Golden State,33.1,21.0,5.5,6.0
Opponent,Houston,32.3,22.5,7.5,4.0
Opponent,Indiana,35.1,32.5,11.0,5.8
Opponent,LA Clippers,30.2,25.5,7.5,1.5
Opponent,LA Lakers,38.9,24.0,7.5,5.0
Opponent,Memphis,33.0,27.0,8.5,6.0
Opponent,Miami,37.4,24.7,8.7,6.0
Opponent,Milwaukee,32.1,20.8,6.3,4.3
Opponent,Minnesota,42.6,38.5,4.5,2.0
Opponent,New Orleans,36.5,25.5,9.5,6.0
Opponent,New York,38.4,26.2,6.6,5.8
Opponent,Oklahoma City,33.3,27.0,10.0,5.5
Opponent,Orlando,36.2,26.3,6.3,3.3
Opponent,Philadelphia,34.4,23.8,10.3,6.0
Opponent,Phoenix,37.7,27.5,7.5,6.0
Opponent,Portland,35.7,26.0,5.0,8.0
Opponent,Sacramento,32.5,17.0,6.0,5.0
Opponent,San Antonio,31.2,24.5,5.5,2.0
Opponent,Toronto,36.3,21.0,8.7,4.0
Opponent,Utah,29.3,34.0,7.5,3.5
Opponent,Washington,30.8,32.7,7.3,5.7
