Catégories,Valeur,Minutes jouées,Points,Rebonds totaux,Passes décisives
Place,Home,34.1,21.8,5.9,4.0
Place,Road,34.4,25.3,6.3,3.2
All-Star,Pre,34.3,24.1,6.2,3.7
All-Star,Post,34.1,22.9,6.0,3.3
Result,Win,34.1,24.9,6.3,3.9
Result,Loss,34.6,21.5,5.7,3.0
Month,October,31.6,19.3,6.3,4.5
Month,November,34.9,22.6,5.8,2.9
Month,December,35.3,29.3,6.0,4.1
Month,January,34.2,23.1,7.0,4.1
Month,February,34.5,24.1,5.7,3.7
Month,March,33.8,22.9,5.9,3.2
Day,Sunday,35.3,22.3,6.0,2.9
Day,Monday,34.1,24.9,4.7,3.3
Day,Tuesday,31.5,16.8,5.5,4.3
Day,Wednesday,35.8,25.7,6.4,4.4
Day,Thursday,34.8,24.3,5.8,1.8
Day,Friday,33.4,25.2,7.2,3.5
Day,Saturday,33.5,22.2,6.8,4.2
Role,Starter,34.3,23.7,6.1,3.6
Minutes,40+,40.8,34.0,7.0,4.0
Minutes,30-39,35.8,23.9,6.3,3.7
Minutes,20-29,28.7,22.9,5.7,3.2
Minutes,10-19,12.0,6.0,2.0,2.0
Rest,0 Days,35.1,24.4,5.3,3.1
Rest,1 Day,34.7,24.4,6.7,3.6
Rest,2 Days,31.9,21.8,5.7,3.6
Rest,3+ Days,33.2,20.5,4.5,4.2
Conference,Eastern,34.1,24.4,6.0,3.5
Conference,Western,34.4,23.3,6.2,3.6
Division,Atlantic,33.2,22.2,6.0,3.4
Division,Central,34.8,25.4,5.0,3.4
Division,Northwest,33.3,23.3,5.2,3.5
Division,Pacific,37.0,25.5,7.3,3.8
Division,Southeast,34.4,25.7,7.0,3.8
Division,Southwest,33.4,21.5,6.3,3.6
Opponent,Atlanta,37.0,32.0,2.0,3.5
Opponent,Boston,29.0,26.0,7.0,2.0
Opponent,Brooklyn,36.4,19.0,5.0,3.0
Opponent,Chicago,36.1,23.0,7.0,3.5
Opponent,Charlotte,37.1,23.0,5.0,2.0
Opponent,Cleveland,36.9,30.0,8.0,3.0
Opponent,Dallas,31.9,21.3,6.3,4.0
Opponent,Denver,38.2,21.0,4.7,3.3
Opponent,Detroit,33.6,28.5,4.0,4.0
Opponent,Golden State,37.8,23.3,7.7,3.0
Opponent,Houston,37.9,27.0,7.0,4.5
Opponent,Indiana,32.4,27.0,3.0,2.0
Opponent,LA Lakers,38.4,26.0,8.0,5.8
Opponent,Memphis,34.0,20.0,6.7,3.7
Opponent,Miami,34.3,24.5,8.5,4.5
Opponent,Milwaukee,37.3,16.0,4.0,5.0
Opponent,Minnesota,29.5,20.5,5.0,2.0
Opponent,New Orleans,33.9,19.3,7.5,2.8
Opponent,New York,30.9,27.0,6.0,3.5
Opponent,Oklahoma City,33.6,18.0,4.5,4.0
Opponent,Orlando,35.4,18.5,9.5,4.0
Opponent,Philadelphia,33.4,18.5,7.5,3.0
Opponent,Phoenix,36.3,23.5,5.5,2.5
Opponent,Portland,31.1,25.8,5.3,4.0
Opponent,Sacramento,34.6,28.3,7.0,3.0
Opponent,San Antonio,30.6,22.7,3.7,3.7
Opponent,Toronto,34.1,22.5,5.0,5.0
Opponent,Utah,37.4,33.0,7.0,5.0
Opponent,Washington,29.7,29.0,9.0,4.0
