Saison,Âge,Équipe,Ligue,Position,Matchs joués,Pourcentage de LF,3 Points,2 Points,Pourcentage de 2P,Pourcentage de 3P,Lancers Francs,Rebonds,Passes Décisives,Moyenne des Points,Récompenses
2018-19,19,DAL,NBA,SG,72,0.713,2.3,4.7,0.503,0.327,4.8,7.8,6.0,21.2,ROY-1
2019-20,20,DAL,NBA,PG,61,0.758,2.8,6.7,0.574,0.316,7.0,9.4,8.8,28.8,"MVP-4,AS,NBA1"
2020-21,21,DAL,NBA,PG,66,0.73,2.9,6.9,0.567,0.35,5.2,8.0,8.6,27.7,"MVP-6,AS,NBA1"
2021-22,22,DAL,NBA,PG,65,0.744,3.1,6.8,0.528,0.353,5.6,9.1,8.7,28.4,"MVP-5,AS,NBA1"
2022-23,23,DAL,NBA,PG,66,0.742,2.8,8.1,0.588,0.342,7.8,8.6,8.0,32.4,"MVP-8,CPOY-8,AS,NBA1"
2023-24,24,DAL,NBA,PG,70,0.786,4.1,7.4,0.573,0.382,6.8,9.2,9.8,33.9,"MVP-3,CPOY-6,AS,NBA1"
2024-25,25,DAL,NBA,PG,17,0.752,3.4,6.7,0.538,0.339,5.2,8.0,7.9,28.6,
