Catégories,Valeur,Minutes jouées,Points,Rebonds totaux,Passes décisives
Place,Home,34.5,24.8,6.7,8.8
Place,Road,36.2,26.7,8.0,7.7
All-Star,Pre,34.9,24.8,7.2,7.8
All-Star,Post,36.0,27.5,7.6,9.5
Result,Win,35.0,26.6,7.0,8.4
Result,Loss,35.6,24.4,7.7,8.1
Month,October,34.0,22.0,8.5,6.5
Month,November,33.3,25.6,7.6,6.3
Month,December,35.4,26.3,6.8,9.1
Month,January,35.9,23.6,7.6,8.5
Month,February,36.7,27.1,5.2,8.8
Month,March,35.9,26.1,8.3,9.0
Month,April,35.8,28.3,7.2,10.5
Day,Sunday,37.2,30.2,7.7,8.9
Day,Monday,35.0,22.6,6.2,7.2
Day,Tuesday,32.2,24.1,6.6,8.8
Day,Wednesday,35.5,25.0,8.8,8.3
Day,Thursday,31.4,22.5,6.4,8.9
Day,Friday,36.5,27.0,7.7,8.3
Day,Saturday,38.1,27.8,7.1,7.8
Role,Starter,35.3,25.7,7.3,8.3
Minutes,40+,41.7,30.6,10.7,8.3
Minutes,30-39,36.3,26.2,7.2,8.6
Minutes,20-29,26.4,20.0,5.7,7.0
Rest,0 Days,36.0,25.0,7.0,8.6
Rest,1 Day,34.6,25.5,7.0,8.1
Rest,2 Days,36.8,27.1,8.4,9.1
Rest,3+ Days,34.1,23.9,6.3,7.3
Conference,Eastern,34.9,23.3,6.1,7.7
Conference,Western,35.5,27.1,8.0,8.6
Division,Atlantic,35.4,23.6,6.7,7.3
Division,Central,34.5,23.5,6.1,8.5
Division,Northwest,34.2,26.0,7.2,7.2
Division,Pacific,37.5,28.6,9.5,9.5
Division,Southeast,34.7,22.9,5.7,7.5
Division,Southwest,34.7,26.6,7.2,8.9
Opponent,Atlanta,32.2,22.5,8.0,9.0
Opponent,Boston,36.8,16.0,9.0,8.0
Opponent,Brooklyn,35.5,32.0,9.0,5.0
Opponent,Chicago,36.3,25.0,7.0,10.5
Opponent,Charlotte,32.1,21.5,4.0,9.0
Opponent,Cleveland,35.7,23.0,5.5,9.0
Opponent,Dallas,36.4,28.0,8.3,8.0
Opponent,Denver,33.8,24.0,7.0,7.0
Opponent,Detroit,29.7,25.0,4.5,5.5
Opponent,Golden State,40.3,36.3,11.7,10.7
Opponent,Houston,34.7,23.5,5.5,6.8
Opponent,Indiana,36.4,21.0,7.5,9.0
Opponent,LA Clippers,39.2,31.3,8.7,7.3
Opponent,Memphis,34.3,27.0,9.3,7.5
Opponent,Miami,37.8,21.0,5.0,6.0
Opponent,Minnesota,38.3,27.5,5.5,7.5
Opponent,New Orleans,33.6,28.3,6.3,11.8
Opponent,New York,39.7,24.5,8.0,8.0
Opponent,"OKC, SEA",35.6,26.3,9.3,6.8
Opponent,Orlando,34.0,21.5,6.0,4.5
Opponent,Philadelphia,33.7,19.0,4.0,5.5
Opponent,Phoenix,34.5,24.4,7.8,9.4
Opponent,Portland,32.8,31.5,5.0,7.0
Opponent,Sacramento,37.7,26.0,10.8,10.5
Opponent,San Antonio,35.1,26.5,7.0,11.5
Opponent,Toronto,32.0,22.5,4.5,10.5
Opponent,Utah,24.0,17.0,7.0,9.0
Opponent,Washington,37.5,28.0,5.5,9.0
