Catégories,Valeur,Minutes jouées,Points,Rebonds totaux,Passes décisives
Place,Home,36.9,28.0,6.1,5.1
Place,Road,37.5,26.2,7.1,5.0
All-Star,Pre,37.0,28.2,6.6,5.7
All-Star,Post,37.6,25.1,6.6,3.9
Result,Win,37.1,27.0,6.6,5.4
Result,Loss,37.4,27.2,6.6,4.5
Month,October,35.7,27.3,7.0,4.8
Month,November,37.2,32.7,6.8,5.8
Month,December,37.5,27.9,5.4,6.8
Month,January,37.6,25.2,6.6,5.2
Month,February,36.7,26.0,7.8,5.3
Month,March,36.8,26.5,7.0,3.5
Month,April,38.2,23.1,5.4,3.9
Day,Sunday,37.3,25.0,5.9,4.7
Day,Monday,39.5,27.9,7.4,5.6
Day,Tuesday,38.8,28.5,6.4,4.4
Day,Wednesday,36.8,26.9,7.5,6.2
Day,Thursday,36.7,26.3,5.9,2.9
Day,Friday,36.6,27.3,6.6,5.9
Day,Saturday,35.1,29.7,6.7,4.9
Role,Starter,37.2,27.1,6.6,5.0
Minutes,40+,41.8,27.0,7.5,6.2
Minutes,30-39,36.6,27.3,6.5,4.8
Minutes,20-29,28.4,23.0,4.7,5.3
Rest,0 Days,36.2,26.8,6.4,4.7
Rest,1 Day,37.4,28.5,6.7,5.4
Rest,2 Days,37.3,24.0,6.2,4.6
Rest,3+ Days,37.9,24.2,7.3,4.2
Conference,Eastern,37.1,27.6,6.1,5.1
Conference,Western,37.3,26.8,6.9,5.0
Division,Atlantic,36.1,30.2,5.6,4.3
Division,Central,38.2,30.2,7.2,5.4
Division,Northwest,36.7,28.9,6.4,5.8
Division,Pacific,37.5,27.2,7.5,3.7
Division,Southeast,36.7,22.2,5.6,5.7
Division,Southwest,37.8,24.2,6.8,5.4
Opponent,Atlanta,37.5,27.0,6.0,5.0
Opponent,Boston,35.8,32.5,6.5,3.5
Opponent,Brooklyn,37.8,30.0,5.5,6.0
Opponent,Chicago,41.6,34.0,6.5,8.5
Opponent,Charlotte,38.3,17.0,6.0,8.0
Opponent,Cleveland,37.4,34.5,7.0,6.5
Opponent,Dallas,40.2,17.0,8.0,5.0
Opponent,Denver,39.4,31.7,8.3,6.3
Opponent,Detroit,32.1,33.0,5.0,5.5
Opponent,Golden State,36.8,24.7,9.7,4.0
Opponent,Houston,39.7,27.3,9.3,8.0
Opponent,Indiana,39.8,30.0,8.0,4.0
Opponent,LA Clippers,37.2,25.0,6.0,2.3
Opponent,LA Lakers,37.5,29.6,7.4,4.6
Opponent,Memphis,34.6,25.0,6.0,5.0
Opponent,Miami,41.8,20.0,8.0,7.0
Opponent,Milwaukee,40.4,19.5,9.5,2.5
Opponent,Minnesota,35.9,22.7,5.3,4.3
Opponent,New Orleans,38.2,23.0,5.3,3.7
Opponent,New York,35.7,29.0,3.0,6.0
Opponent,"OKC, SEA",34.3,24.7,6.3,2.7
Opponent,Orlando,37.8,23.0,4.5,5.0
Opponent,Philadelphia,36.0,26.5,8.0,3.5
Opponent,Portland,37.8,30.7,4.3,6.7
Opponent,Sacramento,38.1,27.8,7.0,3.3
Opponent,San Antonio,35.3,27.0,5.0,4.5
Opponent,Toronto,35.2,32.5,3.5,3.5
Opponent,Utah,36.1,33.5,7.3,8.3
Opponent,Washington,30.5,23.0,4.5,4.0
