Saison,Âge,Équipe,Ligue,Position,Matchs joués,Pourcentage de LF,3 Points,2 Points,Pourcentage de 2P,Pourcentage de 3P,Lancers Francs,Rebonds,Passes Décisives,Moyenne des Points,Récompenses
2007-08,19,SEA,NBA,SG,80,.873,0.7,6.6,.455,.288,4.9,4.4,2.4,20.3,ROY-1
2008-09,20,OKC,NBA,SF,74,.863,1.3,7.6,.486,.422,6.1,6.5,2.8,25.3,
2009-10,21,OKC,NBA,SF,82,.900,1.6,8.1,.506,.365,9.2,7.6,2.8,30.1,"MVP-2,AS,NBA1"
2010-11,22,OKC,NBA,SF,78,.880,1.9,7.3,.504,.350,7.6,6.8,2.7,27.7,"MVP-5,AS,NBA1"
2011-12,23,OKC,NBA,SF,66,.860,2.0,7.7,.535,.387,6.5,8.0,3.5,28.0,"MVP-2,AS,NBA1"
2012-13,24,OKC,NBA,SF,81,.905,1.7,7.3,.539,.416,8.4,7.9,4.6,28.1,"MVP-2,AS,NBA1"
2013-14,25,OKC,NBA,SF,81,.873,2.4,8.1,.549,.391,8.7,7.4,5.5,32.0,"MVP-1,AS,NBA1"
2014-15,26,OKC,NBA,SF,27,.854,2.4,6.4,.565,.403,5.4,6.6,4.1,25.4,AS
2015-16,27,OKC,NBA,SF,72,.898,2.6,7.1,.569,.387,6.2,8.2,5.0,28.2,"MVP-5,AS,NBA2"
2016-17,28,GSW,NBA,PF,62,.875,1.9,7.0,.608,.375,5.4,8.3,4.8,25.1,"MVP-9,AS,NBA2"
2017-18,29,GSW,NBA,SF,68,.889,2.5,6.7,.565,.419,5.3,6.8,5.4,26.4,"MVP-7,DPOY-9,AS,NBA1"
2018-19,30,GSW,NBA,SF,78,.885,1.8,7.5,.587,.353,5.7,6.4,5.9,26.0,"MVP-8,AS,NBA2"
2019-20,Did not play - injury,Did not play - injury,Did not play - injury,Did not play - injury,Did not play - injury,Did not play - injury,Did not play - injury,Did not play - injury,Did not play - injury,Did not play - injury,Did not play - injury,Did not play - injury,Did not play - injury,Did not play - injury,Did not play - injury
2020-21,32,BRK,NBA,PF,35,.882,2.4,6.8,.577,.450,6.0,7.1,5.6,26.9,AS
2021-22,33,BRK,NBA,PF,55,.910,2.1,8.4,.568,.383,6.8,7.4,6.4,29.9,"MVP-10,AS,NBA2"
2022-23,34,2TM,NBA,PF,47,.919,2.0,8.3,.617,.404,6.5,6.7,5.0,29.1,AS
2022-23,34,BRK,NBA,PF,39,.934,1.8,8.7,.622,.376,6.8,6.7,5.3,29.7,
2022-23,34,PHO,NBA,PF,8,.833,2.8,6.4,.586,.537,5.0,6.4,3.5,26.0,
2023-24,35,PHO,NBA,PF,75,.856,2.2,7.8,.567,.413,4.8,6.6,5.0,27.1,"MVP-9,AS,NBA2"
2024-25,36,PHO,NBA,PF,13,.800,2.7,6.5,.582,.449,4.6,6.7,3.1,25.8,
